AAC,N
AAIC,N
AAN,N
AAQC,N
AC,N
ACCO,N
ACEL,N
ACHR,N
ACII,N
ACP,N
ACR,N
ACRE,N
ACRO,N
ADCT,N
ADEX,N
ADF,N
AEVA,N
AFI,N
AFTR,N
AGAC,N
AGCB,N
AGRO,N
AGS,N
AGX,N
AHH,N
AHT,N
AIR,N
AIV,N
AJX,N
AKA,N
AKR,N
ALCC,N
ALEX,N
ALTG,N
AMBC,N
AMK,N
AMPI,N
AMPY,N
AMR,N
AMRX,N
ANAC,N
AOMR,N
AP,N
APGB,N
APRN,N
APSG,N
ARC,N
ARCH,N
ARCO,N
ARDC,N
ARGO,N
ARL,N
ARLO,N
AROC,N
ARR,N
ASA,N
ASAQ,N
ASC,N
ASG,N
ASIX,N
ASPN,N
ASZ,N
ATA,N
ATAQ,N
ATEN,N
ATGE,N
ATHN,N
ATIP,N
ATMR,N
ATTO,N
AUD,N
AUS,N
AVAN,N
AVD,N
AVNS,N
AVYA,N
AXL,N
AXR,N
AZRE,N
AZZ,N
BAMR,N
BANC,N
BARK,N
BBAR,N
BBDC,N
BBW,N
BCEI,N
BCSF,N
BFS,N
BGB,N
BGR,N
BGS,N
BGSF,N
BGSX,N
BHE,N
BHIL,N
BHK,N
BHLB,N
BHR,N
BHV,N
BIG,N
BITE,N
BKN,N
BKSY,N
BLUA,N
BLX,N
BMA,N
BME,N
BNED,N
BOAS,N
BODY,N
BORR,N
BPT,N
BRBR,N
BRDG,N
BRMK,N
BRSP,N
BRT,N
BSAQ,N
BSN,N
BTCM,N
BTT,N
BTU,N
BV,N
BVH,N
BVN,N
BW,N
BXC,N
BY,N
BZH,N
CAAP,N
CAF,N
CAI,N
CAL,N
CANO,N
CARS,N
CAS,N
CATO,N
CBAH,N
CBZ,N
CCAC,N
CCM,N
CCO,N
CCV,N
CCVI,N
CCZ,N
CDE,N
CDR,N
CEE,N
CEIX,N
CEM,N
CEN,N
CEQP,N
CGA,N
CHAA,N
CHMI,N
CHN,N
CHRA,N
CHS,N
CIA,N
CIO,N
CION,N
CIR,N
CLAA,N
CLAS,N
CLB,N
CLBR,N
CLI,N
CLIM,N
CLPR,N
CLS,N
CLW,N
CMO,N
CMRE,N
CND,N
CNR,N
CNVY,N
CO,N
CODI,N
CORR,N
CORS,N
CPF,N
CPLG,N
CPS,N
CPSR,N
CPTK,N
CPUH,N
CRHC,N
CRS,N
CRT,N
CRU,N
CRY,N
CSLT,N
CSPR,N
CSR,N
CSTA,N
CSV,N
CTO,N
CTR,N
CTS,N
CTT,N
CUBI,N
CULP,N
CURO,N
CURV,N
CVEO,N
CVI,N
CVII,N
CXE,N
CXH,N
CXW,N
CYD,N
DAC,N
DBD,N
DBI,N
DCF,N
DCO,N
DDT,N
DEA,N
DESP,N
DFIN,N
DHF,N
DHT,N
DHX,N
DIN,N
DK,N
DLX,N
DM,N
DMB,N
DMS,N
DMYQ,N
DNMR,N
DNOW,N
DNZ,N
DOLE,N
DPG,N
DRH,N
DRQ,N
DS,N
DSM,N
DSU,N
DSX,N
DTF,N
DVD,N
DWIN,N
DX,N
EB,N
EBF,N
ECC           ,N
ECOM          ,N
ECVT,N
EDD,N
EEA,N
EEX,N
EFC,N
EGF,N
EGGF,N
EGO,N
EGY,N
EIC,N
EIG,N
ELF,N
ELVT,N
EMD,N
EMF,N
ENPC,N
ENVA,N
ENZ,N
EPAC,N
EPC,N
EPWR,N
EQD,N
EQHA,N
EQS,N
ERO,N
ESGC,N
ESM,N
ESRT,N
ESTE,N
ETD,N
EVC,N
EXK,N
EXPR,N
EXTN,N
FACA,N
FACT,N
FC,N
FCAX,N
FCF,N
FDP,N
FET,N
FF,N
FFC,N
FLC,N
FLME,N
FLNG,N
FMAC,N
FOA,N
FOE,N
FOR,N
FPAC,N
FPH,N
FPI,N
FRA,N
FREY,N
FRO,N
FRXB,N
FSM,N
FSNB,N
FST,N
FT,N
FTEV,N
FTK,N
FVIV,N
FVT,N
FXLV,N
FZT,N
GAB,N
GAM,N
GAPA,N
GATO,N
GB,N
GBL,N
GBX,N
GCI,N
GCO,N
GCP,N
GCV,N
GEO,N
GER,N
GES,N
GF,N
GFF,N
GFX,N
GGT,N
GHL,N
GHLD,N
GHM,N
GHY,N
GIC,N
GJS,N
GLT,N
GMRE,N
GMS,N
GNE,N
GNK,N
GNL,N
GOAC,N
GOL,N
GPMT,N
GPOR,N
GPRK,N
GPX,N
GRC,N
GSAH,N
GSBD,N
GSL,N
GSQB,N
GSQD,N
GTS,N
GTY,N
GUT,N
GVA,N
GWB,N
HBB,N
HBM,N
HCC,N
HESM,N
HGLB,N
HHLA,N
HIGA,N
HIL,N
HIMS,N
HLLY,N
HLX,N
HMN,N
HNGR,N
HNI,N
HOV,N
HPX,N
HQH,N
HQL,N
HRTG,N
HSC,N
HTGC,N
HTPA,N
HUGS,N
HVT,N
HY,N
HYLN,N
HYT,N
HZAC,N
HZN,N
HZO,N
HZON,N
IACB,N
IACC,N
IAG,N
ICD,N
IDT,N
IFN,N
IHC,N
IIAC,N
IIF,N
IIIN,N
IMAX,N
IMPX,N
INN,N
INS,N
INSW,N
IO,N
IONQ,N
IPI,N
IPOD,N
IPOF,N
IPVA,N
IPVF,N
IRL,N
IRNT,N
IRS,N
ISD,N
ISOS,N
IVAN,N
IVC,N
IVR,N
JATT,N
JBI,N
JEQ,N
JHAA,N
JHB,N
JHI,N
JHS,N
JILL,N
JMP,N
JOF,N
JRO,N
JTA,N
JWSM,N
KAHC,N
KAMN,N
KAR,N
KCGI,N
KF,N
KFS,N
KLR,N
KMF,N
KN,N
KODK,N
KOP,N
KORE,N
KOS,N
KRA,N
KREF,N
KRG,N
KRO,N
KWAC,N
KYN,N
LADR,N
LCI,N
LDI,N
LEAP,N
LEO,N
LFT,N
LGV,N
LHC,N
LICY,N
LIII,N
LL,N
LND,N
LNFA,N
LOKB,N
LOKM,N
LOMA,N
LPG,N
LPI,N
LRN,N
LTC,N
LUB,N
LXU,N
LZB,N
MACC,N
MAV,N
MAX,N
MBAC,N
MBI,N
MCA,N
MCB,N
MCG,N
MCI,N
MCN,N
MCS,N
MDH,N
MEC,N
MEG,N
MEI,N
MFD,N
MFV,N
MG,N
MGU,N
MHD,N
MHN,N
MHO,N
MIT,N
MITT,N
MIY,N
MKFG,N
ML,N
MLNK,N
MLP,N
MLR,N
MMI,N
MMU,N
MN,N
MNP,N
MNR,N
MNRL,N
MOD,N
MODN,N
MOTV,N
MOV,N
MPA,N
MPV,N
MPX,N
MQT,N
MQY,N
MRC,N
MSB,N
MSD,N
MTAL,N
MTOR,N
MTR,N
MTRN,N
MTW,N
MUA,N
MUC,N
MUE,N
MUJ,N
MUX,N
MVF,N
MVT,N
MX,N
MXF,N
MYC,N
MYD,N
MYE,N
MYI,N
MYJ,N
MYN,N
MYOV,N
NAT,N
NBHC,N
NBXG,N
NC,N
NCA,N
NDP,N
NE,N
NETI,N
NEX,N
NEXA,N
NFH,N
NGAB,N
NGC,N
NGS,N
NGVC,N
NIM,N
NINE,N
NL,N
NLS,N
NM,N
NMG,N
NNA,N
NNY,N
NOA,N
NP,N
NPK,N
NPO,N
NPTN,N
NR,N
NRDY,N
NREF,N
NRP,N
NRT,N
NSR,N
NSTB,N
NSTC,N
NSTD,N
NTB,N
NTG,N
NTP,N
NTST,N
NTZ,N
NUVB,N
NUW,N
NVGS,N
NWN,N
NX,N
NXC,N
NXJ,N
NXN,N
NXP,N
NXQ,N
NXR,N
NXRT,N
NXU,N
NYC,N
OACB,N
OCA,N
OCN,N
ODC,N
OEC,N
OFG,N
OII,N
OIS,N
OLP,N
ONE,N
ONTF,N
OOMA,N
OPA,N
OPFI,N
OPY,N
OR,N
ORC,N
ORN,N
OSG,N
OSI,N
OUST,N
OWLT,N
OXM,N
PAM,N
PAR,N
PARR,N
PBF,N
PBI,N
PBT,N
PCF,N
PCM,N
PCN,N
PCPC,N
PDOT,N
PDS,N
PEI,N
PEO,N
PFL,N
PFN,N
PFS,N
PGTI,N
PHD,N
PHX,N
PIAI,N
PICC,N
PINE,N
PIPP,N
PKE,N
PLOW,N
PLYM,N
PMVC,N
PNTM,N
POLY,N
POND,N
PRA,N
PRLB,N
PRO,N
PRPB,N
PRPC,N
PRTY,N
PSPC,N
PSTL,N
PUMP,N
PV,N
PVG,N
PYS,N
PYT,N
PZN,N
QFTA,N
QUAD,N
QUOT,N
RAD,N
RBAC,N
RBOT,N
RC,N
RDW,N
RES,N
REV,N
REVG,N
REX,N
RFI,N
RFL,N
RFP,N
RGR,N
RGS,N
RGT,N
RKLY,N
RM,N
RMAX,N
RMO,N
RMT,N
RNGR,N
RONI,N
ROSS,N
RPT,N
RRD,N
RSF,N
RVI,N
RVT,N
RWT,N
RYAM,N
RYI,N
SA,N
SAND          ,N
SAR,N
SB,N
SBH,N
SBI,N
SBII,N
SBOW,N
SBR,N
SCM,N
SCS,N
SCU,N
SCVX,N
SCX,N
SD,N
SEAH,N
SFE,N
SFL,N
SGU,N
SHPW,N
SII,N
SJT,N
SKIL,N
SKT,N
SLAC,N
SLCA,N
SLVM,N
SMHI,N
SMP,N
SMWB,N
SNII,N
SOI,N
SOR,N
SPAQ,N
SPGS,N
SPH,N
SPIR,N
SPNT,N
SPXX,N
SQZ,N
SRG,N
SRI,N
SRL,N
SRT,N
SRV,N
STAR          ,N
STC,N
STK,N
STNG,N
STON,N
STRE,N
SUNL,N
SUP,N
SWBK,N
SWM,N
SWZ,N
SXC,N
TACA,N
TALO,N
TBI,N
TCI,N
TCS,N
TDF,N
TDW,N
TEAF,N
TEN,N
TG,N
TGH,N
TGI,N
TGP,N
TGS,N
THQ,N
THR,N
THW,N
TINV,N
TISI,N
TK,N
TLGA,N
TLYS,N
TMAC,N
TMST,N
TNC,N
TNK,N
TNP,N
TPB,N
TPC,N
TPGS,N
TPGY,N
TPVG,N
TPZ,N
TRC,N
TRCA,N
TREB,N
TREC,N
TRTL,N
TRTX,N
TSLX,N
TSPQ,N
TSQ,N
TTI,N
TTP,N
TUFN,N
TUP,N
TVC,N
TVE,N
TWI,N
TWN,N
TWND,N
TWNI,N
TWNT,N
TWOA,N
TY,N
TYG,N
UBA,N
UBP,N
UFI,N
UIS,N
UMH,N
UP,N
UPH,N
USA,N
USNA,N
USX,N
UTI,N
UVE,N
UVV,N
UWMC,N
VAPO,N
VATE,N
VBF,N
VCRA,N
VEC,N
VEI,N
VEL,N
VET,N
VGII,N
VGM,N
VHC,N
VHI,N
VKQ,N
VLD,N
VLN,N
VLTA,N
VNCE,N
VNTR,N
VPCC,N
VPG,N
VRS,N
VRTV,N
VTN,N
VTOL,N
VVI,N
VVNT,N
VYGG,N
WARR,N
WBX,N
WEA,N
WEBR,N
WHG,N
WMC,N
WMK,N
WNC,N
WOW,N
WPCA,N
WPCB,N
WQGA,N
WRAC,N
WSR,N
WTI,N
WTTR,N
XL,N
XPOA,N
XPOF,N
XPRO,N
YAC,N
YEXT,N
YPF,N
YTPG,N
ZETA,N
ZEV,N
ZTR,N
ZVIA,N
ZYME,N
AADI,N
AAME,N
AAOI,N
AATC,N
ABEO,N
ABGI,N
ABIO,N
ABOS,N
ABSI,N
ABST,N
ABTX,N
ABUS,N
ABVC,N
ACAH,N
ACB,N
ACBA,N
ACBI,N
ACER,N
ACET,N
ACEV,N
ACHV,N
ACIU,N
ACLS,N
ACNB,N
ACOR,N
ACQR,N
ACRS,N
ACRX,N
ACST,N
ACTD,N
ACTG,N
ACXP,N
ADER,N
ADES,N
ADIL,N
ADMA,N
ADMP,N
ADMS,N
ADN,N
ADOC,N
ADOCR,N
ADTN,N
ADTX,N
ADUS,N
ADVM,N
ADXS,N
AEAC,N
AEHL,N
AEHR,N
AEI,N
AEMD,N
AERI,N
AESE,N
AEY,N
AEYE,N
AEZS,N
AFAQ,N
AFBI,N
AFCG,N
AFIB,N
AFIN,N
AFMD,N
AFYA,N
AGBA,N
AGBAR,N
AGC,N
AGEN,N
AGFS,N
AGFY,N
AGGR,N
AGIL,N
AGLE,N
AGMH,N
AGRI,N
AGRX,N
AGTC,N
AGYS,N
AHPA,N
AHPI,N
AIHS,N
AIKI,N
AINV,N
AIRG,N
AIRT,N
AKBA,N
AKIC,N
AKRO,N
AKTS,N
AKTX,N
AKU,N
AKUS,N
AKYA,N
ALAC,N
ALACR,N
ALBO,N
ALCO,N
ALDX,N
ALEC,N
ALF,N
ALGS,N
ALIM,N
ALJJ,N
ALLO,N
ALLT,N
ALNA,N
ALOT,N
ALPA,N
ALPN,N
ALRN,N
ALRS,N
ALT,N
ALTM,N
ALTO,N
ALTU,N
ALVR,N
ALYA,N
ALZN,N
AMAL,N
AMCI,N
AMCX,N
AMNB,N
AMOT,N
AMPG,N
AMPH,N
AMRK,N
AMRN,N
AMSC,N
AMSF,N
AMST,N
AMSWA,N
AMTB,N
AMTBB,N
AMTI,N
AMTX,N
AMWD,N
ANAB,N
ANDE,N
ANEB,N
ANGN,N
ANGO,N
ANIK,N
ANIP,N
ANIX,N
ANNX,N
ANY,N
ANZU,N
AOSL,N
AOUT,N
APAC,N
APDN,N
APEI,N
APEN,N
APLT,N
APM,N
APOG,N
APPH,N
APR,N
APRE,N
APTM,N
APTO,N
APTX,N
APVO,N
APWC,N
APYX,N
AQB,N
AQMS,N
AQST,N
ARAV,N
ARAY,N
ARBE,N
ARBG,N
ARCE,N
ARCT,N
ARDS,N
ARDX,N
AREC,N
ARKO,N
ARKR,N
AROW,N
ARQQ,N
ARQT,N
ARRW,N
ARTA,N
ARTL,N
ARTNA,N
ARTW,N
ARYD,N
ARYE,N
ASAX,N
ASLE,N
ASMB,N
ASPA,N
ASPC,N
ASPS,N
ASPU,N
ASRT,N
ASRV,N
ASTC,N
ASTE,N
ASTS,N
ASUR,N
ASYS,N
ATAI,N
ATCX,N
ATEC,N
ATER,N
ATEX,N
ATHA,N
ATHX,N
ATIF,N
ATLC,N
ATLO,N
ATNF,N
ATNI,N
ATNX,N
ATOM,N
ATOS,N
ATRA,N
ATRO,N
ATRS,N
ATSG,N
ATVC,N
ATXI,N
ATXS,N
ATY,N
AUBN,N
AUDC,N
AUID,N
AURC,N
AUTO,N
AUUD,N
AUVI,N
AVAH,N
AVCO,N
AVCT,N
AVEO,N
AVGR,N
AVID,N
AVNW,N
AVO,N
AVPT,N
AVRO,N
AVTE,N
AVTX,N
AVXL,N
AWH,N
AWRE,N
AXDX,N
AXGN,N
AXLA,N
AXSM,N
AXTI,N
AYLA,N
AYRO,N
AYTU,N
AZYO,N
BAND,N
BANFP,N
BANX,N
BAOS,N
BASE,N
BATRA,N
BATRK,N
BBBY,N
BBCP,N
BBGI,N
BBI,N
BBIG,N
BBQ,N
BBSI,N
BCAB,N
BCAC,N
BCBP,N
BCDA,N
BCEL,N
BCLI,N
BCML,N
BCOR,N
BCOV,N
BCOW,N
BCTX,N
BCYP,N
BDSI,N
BDSX,N
BDTX,N
BEEM,N
BELFA,N
BELFB,N
BENE,N
BENER,N
BFC,N
BFI,N
BFIN,N
BFST,N
BGFV,N
BGRY,N
BHAT,N
BHSE,N
BHTG,N
BIMI,N
BIOC,N
BIOL,N
BIOT,N
BIOX,N
BITF,N
BIVI,N
BJRI,N
BKCC,N
BKSC,N
BKYI,N
BLBD,N
BLCM,N
BLDE,N
BLFS,N
BLFY,N
BLI,N
BLIN,N
BLNG,N
BLNK,N
BLPH,N
BLSA,N
BLTS,N
BLU,N
BLUE,N
BMEA,N
BMRA,N
BMRC,N
BMTC,N
BNFT,N
BNGO,N
BNSO,N
BNTC,N
BOLT,N
BOMN,N
BON,N
BOOM,N
BOSC,N
BOTJ,N
BOWX,N
BOXL,N
BPRN,N
BPTH,N
BRAG,N
BRCN,N
BREZ,N
BREZR,N
BRID,N
BRIV,N
BRKL,N
BRLI,N
BRLIR,N
BRLT,N
BROG,N
BRPM,N
BRQS,N
BRY,N
BSBK,N
BSET,N
BSGA,N
BSGAR,N
BSGM,N
BSKY,N
BSQR,N
BSRR,N
BSVN,N
BTAI,N
BTAQ,N
BTB,N
BTBT,N
BTCS,N
BTCY,N
BTNB,N
BTRS,N
BTWN,N
BUSE,N
BVS,N
BWAC,N
BWB,N
BWEN,N
BWFG,N
BWMN,N
BWMX,N
BXRX,N
BYFC,N
BYRN,N
BYSI,N
BYTS,N
CAAS,N
CABA,N
CAC,N
CADL,N
CALA,N
CALB,N
CALM,N
CAMP,N
CAMT,N
CAPR,N
CARA,N
CARE,N
CARV,N
CASA,N
CASH,N
CASI,N
CASS,N
CATC,N
CBAN,N
CBAT,N
CBAY,N
CBFV,N
CBIO,N
CBMB,N
CBNK,N
CBTX,N
CCAP,N
CCB,N
CCBG,N
CCEL,N
CCNC,N
CCNE,N
CCRN,N
CCSI,N
CDAK,N
CDMO,N
CDTX,N
CDXC,N
CDZI,N
CECE,N
CELC,N
CELU,N
CEMI,N
CENQ,N
CENX,N
CERS,N
CETX,N
CETXP,N
CEVA,N
CFB,N
CFBK,N
CFFE,N
CFFI,N
CFFN,N
CFIV,N
CFMS,N
CFRX,N
CFV,N
CFVI,N
CGBD,N
CGEM,N
CGEN,N
CGNT,N
CGO,N
CGRN,N
CGTX,N
CHCI,N
CHCO,N
CHEF,N
CHEK,N
CHMG,N
CHNR,N
CHPM,N
CHRS,N
CHSCL,N
CHSCM,N
CHSCN,N
CHSCO,N
CHUY,N
CHWA,N
CIDM,N
CIFR,N
CIH,N
CIVB,N
CIZN,N
CJJD,N
CKPT,N
CLAQ,N
CLAQR,N
CLAR,N
CLAY,N
CLBS,N
CLBT,N
CLDB,N
CLEU,N
CLFD,N
CLGN,N
CLIR,N
CLNE,N
CLNN,N
CLOE,N
CLOER,N
CLPS,N
CLPT,N
CLRB,N
CLRM,N
CLRO,N
CLSD,N
CLSK,N
CLSN,N
CLVR,N
CLVS,N
CLWT,N
CLXT,N
CMAX,N
CMBM,N
CMCO,N
CMCT,N
CMCTP,N
CMLS,N
CMLT,N
CMPI,N
CMPS,N
CMPX,N
CMRX,N
CMTL,N
CNCE,N
CNDT,N
CNET,N
CNEY,N
CNFR,N
CNNB,N
CNOB,N
CNSL,N
CNSP,N
CNTG,N
CNTQ,N
CNTY,N
CNXN,N
COCP,N
CODA,N
CODX,N
COFS,N
COGT,N
COHU,N
COLI,N
COLL,N
COMS,N
CONN,N
CONX,N
COOL,N
COVA,N
COWN,N
CPAA,N
CPAR,N
CPHC,N
CPIX,N
CPOP,N
CPRX,N
CPSH,N
CPSI,N
CPSS,N
CRBP,N
CRBU,N
CRDF,N
CRDL,N
CREG,N
CREX,N
CRIS,N
CRKN,N
CRMD,N
CRNT,N
CRNX,N
CRTD,N
CRVS,N
CRWS,N
CRXT,N
CRZN,N
CSBR,N
CSCW,N
CSGS,N
CSII,N
CSIQ,N
CSPI,N
CSSE,N
CSTE,N
CSTL,N
CSTR,N
CSWC,N
CTAQ,N
CTG,N
CTHR,N
CTIB,N
CTIC,N
CTLP,N
CTMX,N
CTRE,N
CTRM,N
CTRN,N
CTSO,N
CTXR,N
CUBA,N
CUE,N
CUEN,N
CULL,N
CURI,N
CUTR,N
CVGI,N
CVGW,N
CVLG,N
CVLY,N
CVRX,N
CVV,N
CWBR,N
CWCO,N
CXDC,N
CXDO,N
CYAN,N
CYBE,N
CYCC,N
CYCN,N
CYRN,N
CYT,N
CYTH,N
CYTO,N
CYXT,N
CZNC,N
DAIO,N
DAKT,N
DALN,N
DALS,N
DARE,N
DATS,N
DAWN,N
DBDR,N
DBGI,N
DBTX,N
DCPH,N
DCRC,N
DCRD,N
DCRN,N
DCTH,N
DDI,N
DDMX,N
DENN,N
DFFN,N
DFH,N
DFPH,N
DGICA,N
DGICB,N
DGII,N
DGLY,N
DHBC,N
DHCA,N
DHHC,N
DIBS,N
DICE,N
DILA,N
DISA,N
DKDCA,N
DLCA,N
DLHC,N
DLPN,N
DLTH,N
DMAC,N
DMRC,N
DMTK,N
DNAA,N
DNAB,N
DNAC,N
DNAD,N
DNAY,N
DOGZ,N
DOYU,N
DPRO,N
DRAY,N
DRIO,N
DRMA,N
DRNA,N
DRRX,N
DRTT,N
DSAC,N
DSGN,N
DSKE,N
DSP,N
DSPG,N
DSWL,N
DTEA,N
DTIL,N
DTSS,N
DTST,N
DUNE,N
DUOT,N
DVAX,N
DWAC,N
DWSN,N
DXLG,N
DXPE,N
DXYN,N
DYAI,N
DYN,N
DYNS,N
DYNT,N
DZSI,N
EAC,N
EAR,N
EAST,N
EBAC,N
EBET,N
EBIX,N
EBMT,N
EBON,N
EBSB,N
EBTC,N
ECHO,N
ECOL,N
ECOR,N
ECPG,N
EDRY,N
EDSA,N
EDTK,N
EDTX,N
EDUC,N
EEIQ,N
EFOI,N
EFSC,N
EFTR,N
EGAN,N
EGBN,N
EGLE,N
EGLX,N
EGRX,N
EH,N
EHTH,N
EIGR,N
EJFA,N
EJH,N
EKSO,N
ELDN,N
ELEV,N
ELMS,N
ELOX,N
ELSE,N
ELTK,N
ELYM,N
ELYS,N
EMCF,N
EMKR,N
EML,N
ENDP,N
ENFA,N
ENG,N
ENLV,N
ENOB,N
ENSC,N
ENTA,N
ENTX,N
ENVB,N
ENVI,N
EOLS,N
EOSE,N
EPAY,N
EPHY,N
EPIX,N
EPSN,N
EPZM,N
EQ,N
EQBK,N
EQOS,N
ERES,N
ERII,N
ESBK,N
ESCA,N
ESEA,N
ESPR,N
ESQ,N
ESSA,N
ESSC,N
ESSCR,N
ESTA,N
ETAC,N
ETNB,N
ETON,N
ETTX,N
EUCR,N
EUSG,N
EVER,N
EVFM,N
EVGN,N
EVK,N
EVLMC,N
EVLO,N
EVLV,N
EVOJ,N
EVOK,N
EVOL,N
EVOP,N
EWCZ,N
EWTX,N
EXTR,N
EYEG,N
EYEN,N
EYES,N
EYPT,N
EZFL,N
EZGO,N
EZPW,N
FAMI,N
FARM,N
FARO,N
FAT,N
FATBB,N
FBIO,N
FBIZ,N
FBMS,N
FBNC,N
FBRX,N
FCAP,N
FCCY,N
FCRD,N
FCUV,N
FDBC,N
FDMT,N
FDUS,N
FEIM,N
FEMY,N
FENC,N
FFBW,N
FFHL,N
FFIC,N
FFIE,N
FFNW,N
FFWM,N
FGBI,N
FGEN,N
FGF,N
FHTX,N
FICV,N
FINM,N
FISI,N
FIXX,N
FKWL,N
FLAC,N
FLDM,N
FLGC,N
FLIC,N
FLL,N
FLMN,N
FLNT,N
FLUX,N
FLWS,N
FLXN,N
FLXS,N
FMAO,N
FMBH,N
FMIV,N
FMNB,N
FMTX,N
FNCB,N
FNCH,N
FNHC,N
FNKO,N
FNLC,N
FNWB,N
FONR,N
FORA,N
FORD,N
FORE,N
FORR,N
FOSL,N
FOXW,N
FPAY,N
FRAF,N
FRBA,N
FRBK,N
FREE,N
FREQ,N
FRG,N
FRGI,N
FRON,N
FRPH,N
FRSG,N
FRST,N
FRTA,N
FRW,N
FSBC,N
FSBW,N
FSEA,N
FSFG,N
FSII,N
FSRX,N
FSSI,N
FSTR,N
FSTX,N
FTAA,N
FTCI,N
FTCV,N
FTEK,N
FTFT,N
FTHM,N
FTPA,N
FTRP,N
FTVI,N
FULC,N
FUND,N
FUSB,N
FUSN,N
FUV,N
FVAM,N
FVCB,N
FWAC,N
FWBI,N
FWRG,N
FXNC,N
GABC,N
GACQ,N
GAIA,N
GAIN,N
GALT,N
GAMB,N
GAMC,N
GAME,N
GAN,N
GANX,N
GASS,N
GBIO,N
GBLI,N
GBNH,N
GBNY,N
GBOX,N
GBRG,N
GBRGR,N
GBS,N
GBT,N
GCAC,N
GCBC,N
GDEN,N
GDEV,N
GDYN,N
GECC,N
GEG,N
GENC,N
GENE,N
GEOS,N
GERN,N
GEVO,N
GFAI,N
GFED,N
GGGV,N
GGGVR,N
GGMC,N
GGPI,N
GHAC,N
GHRS,N
GHSI,N
GIFI,N
GIG,N
GIGM,N
GIII,N
GIIX,N
GILT,N
GIPR,N
GIW,N
GLAD,N
GLAQ,N
GLBL,N
GLBS,N
GLBZ,N
GLDD,N
GLEE,N
GLG,N
GLHA,N
GLMD,N
GLNG,N
GLRE,N
GLSI,N
GLTO,N
GLUE,N
GLYC,N
GMBL,N
GMBT,N
GMDA,N
GMII,N
GMTX,N
GMVD,N
GNAC,N
GNCA,N
GNLN,N
GNOG,N
GNPX,N
GNSS,N
GNTY,N
GNUS,N
GOBI,N
GOCO,N
GOEV,N
GOGO,N
GOOD,N
GOSS,N
GOVX,N
GP,N
GPAC,N
GPCO,N
GPCOR,N
GPRE,N
GPRO,N
GRAY,N
GRBK,N
GRCY,N
GREE,N
GRIL,N
GRIN,N
GRNQ,N
GROM,N
GROW,N
GRPH,N
GRPN,N
GRTS,N
GRTX,N
GRVI,N
GRVY,N
GRWG,N
GSAQ,N
GSBC,N
GSEV,N
GSIT,N
GSM,N
GSMG,N
GTBP,N
GTEC,N
GTH,N
GTHX,N
GTIM,N
GTPA,N
GTPB,N
GTX,N
GTXAP,N
GTYH,N
GURE,N
GVP,N
GWGH,N
GWII,N
GWRS,N
GXII,N
GYRO,N
HA,N
HAAC,N
HAACU,N
HAFC,N
HALL,N
HAPP,N
HARP,N
HAYN,N
HBCP,N
HBIO,N
HBMD,N
HBNC,N
HBP,N
HBT,N
HCAQ,N
HCAR,N
HCCC,N
HCCI,N
HCDI,N
HCIC,N
HCII,N
HCKT,N
HCNE,N
HCSG,N
HCWB,N
HDSN,N
HEAR,N
HEES,N
HEPA,N
HERA,N
HEXO,N
HFBL,N
HFFG,N
HFWA,N
HGBL,N
HGEN,N
HGSH,N
HIBB,N
HIHO,N
HIII,N
HITI,N
HIVE,N
HLAH,N
HLBZ,N
HLIT,N
HLTH,N
HLXA,N
HMCO,N
HMHC,N
HMNF,N
HMPT,N
HMST,N
HMTV,N
HNNA,N
HNRG,N
HNST,N
HOFT,N
HOFV,N
HOLI,N
HONE,N
HOOK,N
HOPE,N
HOTH,N
HOVNP,N
HOWL,N
HPK,N
HQI,N
HROW,N
HRTX,N
HRZN,N
HSAQ,N
HSDT,N
HSII,N
HSON,N
HSTM,N
HSTO,N
HTBI,N
HTBK,N
HTBX,N
HTGM,N
HTLD,N
HTOO,N
HUDI,N
HUGE,N
HUMA,N
HURC,N
HURN,N
HUSN,N
HUT,N
HVBC,N
HWBK,N
HWEL,N
HWKN,N
HX,N
HYAC,N
HYFM,N
HYMC,N
HYRE,N
HYZN,N
IBCP,N
IBEX,N
ICAD,N
ICBK,N
ICCC,N
ICCH,N
ICCM,N
ICFI,N
ICHR,N
ICMB,N
ICPT,N
ICVX,N
IDEX,N
IDN,N
IDRA,N
IDYA,N
IEA,N
IESC,N
IFBD,N
IFMK,N
IFRX,N
IGAC,N
IGIC,N
IGNY,N
III,N
IIII,N
IIIV,N
IIN,N
IINN,N
IKNA,N
IKNX,N
IKT,N
IMAC,N
IMAQ,N
IMAQR,N
IMBI,N
IMCC,N
IMGN,N
IMGO,N
IMKTA,N
IMMR,N
IMNM,N
IMPL,N
IMRA,N
IMRX,N
IMTE,N
IMTX,N
IMUX,N
IMV,N
IMVT,N
IMXI,N
INAB,N
INBK,N
INBX,N
INCR,N
INDI,N
INDP,N
INDT,N
INFI,N
INFN,N
INGN,N
INKA,N
INM,N
INMB,N
INNV,N
INO,N
INOD,N
INPX,N
INSE,N
INSG,N
INTA,N
INTG,N
INTZ,N
INVA,N
INVE,N
INVO,N
INVZ,N
INZY,N
IONM,N
IPA,N
IPDN,N
IPHA,N
IPLDP,N
IPSC,N
IPVI,N
IPW,N
IPWR,N
IRIX,N
IRMD,N
IROQ,N
IRTC,N
ISAA,N
ISEE,N
ISIG,N
ISLE,N
ISO,N
ISPC,N
ISSC,N
ISTR,N
ISUN,N
ITHX,N
ITI,N
ITMR,N
ITOS,N
ITQ,N
ITRM,N
ITRN,N
IVA,N
IVAC,N
IZEA,N
JAGX,N
JAKK,N
JAN,N
JANX,N
JAQC,N
JBSS,N
JCIC,N
JCS,N
JCTCF,N
JNCE,N
JOAN,N
JOFF,N
JRSH,N
JRVR,N
JSPR,N
JUGG,N
JUPW,N
JVA,N
JWEL,N
JYAC,N
JYNT,N
JZXN,N
KAII,N
KAIR,N
KALA,N
KALV,N
KARO,N
KAVL,N
KBAL,N
KBNT,N
KBSF,N
KDMN,N
KDNY,N
KE,N
KELYA,N
KELYB,N
KEQU,N
KERN,N
KFFB,N
KFRC,N
KIDS,N
KIII,N
KINS,N
KINZ,N
KIRK,N
KLAQ,N
KLDO,N
KLTR,N
KLXE,N
KMDA,N
KMPH,N
KNDI,N
KNSA,N
KNTE,N
KOPN,N
KOR,N
KOSS,N
KPLT,N
KPTI,N
KRBP,N
KRMD,N
KRNL,N
KRNY,N
KRON,N
KROS,N
KRT,N
KRUS,N
KRYS,N
KSI,N
KSPN,N
KTCC,N
KTRA,N
KTTA,N
KURA,N
KURI,N
KVHI,N
KVSA,N
KVSB,N
KVSC,N
KXIN,N
KZR,N
LAAA,N
LABP,N
LAKE,N
LAND,N
LARK,N
LASR,N
LAWS,N
LAZY,N
LBAI,N
LBC,N
LBPH,N
LBRDP,N
LCA,N
LCAA,N
LCAP,N
LCNB,N
LCUT,N
LDHA,N
LE,N
LEDS,N
LEE,N
LEGH,N
LEGO,N
LEVL,N
LEXX,N
LFMD,N
LFTR,N
LFVN,N
LGAC,N
LGO,N
LGVN,N
LHAA,N
LHDX,N
LIDR,N
LIFE,N
LINC,N
LIND,N
LINK,N
LIQT,N
LITT,N
LIVE,N
LIXT,N
LJAQ,N
LJPC,N
LKCO,N
LKFN,N
LLNW,N
LMACA,N
LMAT,N
LMB,N
LMDX,N
LMFA,N
LMNL,N
LMNR,N
LMPX,N
LMST,N
LNDC,N
LNSR,N
LNTH,N
LOAN,N
LOCO,N
LOGC,N
LOOP,N
LORL,N
LOTZ,N
LOVE,N
LPCN,N
LPTH,N
LPTX,N
LQDA,N
LQDT,N
LRFC,N
LRMR,N
LSBK,N
LSEA,N
LTBR,N
LTCH,N
LTRN,N
LTRPA,N
LTRX,N
LUMO,N
LUNA,N
LUNG,N
LUXA,N
LVO,N
LVOX,N
LVRA,N
LVTX,N
LWAY,N
LWLG,N
LXRX,N
LYL,N
LYRA,N
LYTS,N
MACA,N
MACK,N
MACQ,N
MACU,N
MAPS,N
MAQC,N
MARK,N
MASS,N
MATW,N
MAXN,N
MAYS,N
MBCN,N
MBII,N
MBIN,N
MBIO,N
MBNKP,N
MBOT,N
MBRX,N
MBTC,N
MBTCR,N
MBUU,N
MBWM,N
MCAD,N
MCADR,N
MCAE,N
MCAER,N
MCAF,N
MCBC,N
MCBS,N
MCFT,N
MCHX,N
MCMJ,N
MCRB,N
MCRI,N
MDGL,N
MDIA,N
MDJH,N
MDNA,N
MDRR,N
MDRRP,N
MDRX,N
MDVL,N
MDWD,N
MDWT,N
MDXG,N
MEAC,N
MEDS,N
MEIP,N
MEKA,N
MERC,N
MESA,N
METC,N
METX,N
MFH,N
MFIN,N
MGI,N
MGIC,N
MGNX,N
MGPI,N
MGRC,N
MGTA,N
MGTX,N
MGYR,N
MHLD,N
MICT,N
MIGI,N
MILE,N
MIND,N
MINM,N
MIRM,N
MIRO,N
MIST,N
MITA,N
MITK,N
MITO,N
MKTY,N
MLAC,N
MLVF,N
MMAT,N
MMLP,N
MMMB,N
MNDO,N
MNKD,N
MNMD,N
MNOV,N
MNPR,N
MNRO,N
MNSB,N
MNTK,N
MNTS,N
MNTX,N
MOFG,N
MOGO,N
MON,N
MOSY,N
MOTN,N
MOTS,N
MOVE,N
MOXC,N
MPAA,N
MPAC,N
MPACR,N
MPB,N
MRAC,N
MRAM,N
MRBK,N
MRCC,N
MRIN,N
MRKR,N
MRLN,N
MRNS,N
MRSN,N
MRTN,N
MRUS,N
MSAC,N
MSBI,N
MSDA,N
MSGM,N
MSON,N
MSVB,N
MTAC,N
MTBC,N
MTC,N
MTCR,N
MTEM,N
MTEX,N
MTP,N
MTRX,N
MUDS,N
MVBF,N
MVIS,N
MXCT,N
MYFW,N
MYMD,N
MYPS,N
MYSZ,N
NAAC,N
NAII,N
NAKD,N
NAOV,N
NATH,N
NATR,N
NAUT,N
NBEV,N
NBN,N
NBRV,N
NBSE,N
NBTB,N
NCBS,N
NCMI,N
NCSM,N
NCTY,N
NDAC,N
NDLS,N
NDRA,N
NEGG,N
NEON,N
NEPH,N
NEPT,N
NERV,N
NETE,N
NEWT,N
NEXI,N
NEXT,N
NFBK,N
NGCA,N
NGM,N
NGMS,N
NH,N
NHTC,N
NICK,N
NISN,N
NKSH,N
NKTX,N
NLIT,N
NLSP,N
NLTX,N
NMFC,N
NMIH,N
NMMC,N
NMRD,N
NMTC,N
NMTR,N
NNBR,N
NNOX,N
NOAC,N
NODK,N
NOTV,N
NOVN,N
NOVV,N
NPCE,N
NRAC,N
NRBO,N
NRC,N
NRIM,N
NRIX,N
NRXP,N
NSEC,N
NSPR,N
NSSC,N
NSTG,N
NSYS,N
NTCT,N
NTGR,N
NTIC,N
NTRB,N
NTUS,N
NTWK,N
NURO,N
NUVL,N
NUWE,N
NUZE,N
NVCN,N
NVEC,N
NVFY,N
NVIV,N
NVNO,N
NVOS,N
NVSA,N
NVVE,N
NWBI,N
NWFL,N
NWPX,N
NXGN,N
NXTC,N
NXTD,N
NXTP,N
NYMT,N
NYMX,N
NYXH,N
OB,N
OBAS,N
OBCI,N
OBLG,N
OBNK,N
OBSV,N
OBT,N
OCAX,N
OCC,N
OCCI,N
OCFC,N
OCG,N
OCGN,N
OCSL,N
OCUL,N
OCUP,N
OCX,N
ODT,N
OEG,N
OEPW,N
OESX,N
OFED,N
OFIX,N
OFS,N
OGI,N
OHPA,N
OLB,N
OLMA,N
OMEG,N
OMER,N
OMEX,N
OMGA,N
OMIC,N
OMQS,N
ONCR,N
ONCS,N
ONCT,N
ONCY,N
ONDS,N
ONEW,N
ONTX,N
ONVO,N
OPBK,N
OPGN,N
OPHC,N
OPNT,N
OPOF,N
OPRT,N
OPRX,N
OPTN,N
ORGN,N
ORGO,N
ORGS,N
ORIC,N
ORMP,N
ORRF,N
OSAT,N
OSBC,N
OSIS,N
OSMT,N
OSPN,N
OSS,N
OSTR,N
OSUR,N
OSW,N
OTEC,N
OTIC,N
OTLK,N
OTMO,N
OTRA,N
OTRK,N
OVBC,N
OVID,N
OVLY,N
OXAC,N
OXBR,N
OXLC,N
OXSQ,N
OXUS,N
OYST,N
PACX,N
PAE,N
PAFO,N
PAFOR,N
PAHC,N
PAIC,N
PALI,N
PALT,N
PANA,N
PANL,N
PAQC,N
PASG,N
PATI,N
PAVM,N
PAYA,N
PAYS,N
PBBK,N
PBFS,N
PBHC,N
PBIP,N
PBLA,N
PBPB,N
PBTS,N
PBYI,N
PCB,N
PCOM,N
PCSA,N
PCSB,N
PCT,N
PCTI,N
PCVX,N
PCYG,N
PCYO,N
PDEX,N
PDFS,N
PDSB,N
PEBK,N
PEBO,N
PERI,N
PESI,N
PETQ,N
PETS,N
PETV,N
PETZ,N
PFBC,N
PFC,N
PFDR,N
PFHD,N
PFIE,N
PFIN,N
PFIS,N
PFLT,N
PFMT,N
PFSW,N
PFTA,N
PFX,N
PGC,N
PGEN,N
PGRW,N
PHAS,N
PHAT,N
PHCF,N
PHIC,N
PHIO,N
PHUN,N
PHVS,N
PI,N
PIRS,N
PIXY,N
PKBK,N
PKOH,N
PLAB,N
PLAY,N
PLBC,N
PLBY,N
PLCE,N
PLIN,N
PLL,N
PLMI,N
PLMR,N
PLPC,N
PLRX,N
PLSE,N
PLXP,N
PLYA,N
PMBC,N
PMCB,N
PMD,N
PME,N
PMGM,N
PMTS,N
PMVP,N
PNBK,N
PNNT,N
PNRG,N
PNT,N
PNTG,N
POAI,N
POLA,N
POSH,N
POW,N
POWL,N
POWW,N
PPGH,N
PPHP,N
PPHPR,N
PPIH,N
PPSI,N
PPTA,N
PRAA,N
PRAX,N
PRCH,N
PRCT,N
PRDO,N
PRFX,N
PRIM,N
PRLD,N
PROC,N
PROF,N
PROG,N
PROV,N
PRPH,N
PRPL,N
PRPO,N
PRQR,N
PRSR,N
PRTG,N
PRTH,N
PRTK,N
PRTS,N
PRVB,N
PSAG,N
PSHG,N
PSNL,N
PSTI,N
PSTV,N
PSTX,N
PTE,N
PTEN,N
PTGX,N
PTIC,N
PTIX,N
PTMN,N
PTOC,N
PTPI,N
PTRA,N
PTRS,N
PTSI,N
PUBM,N
PUCK,N
PULM,N
PUYI,N
PVAC,N
PVBC,N
PWFL,N
PWOD,N
PWP,N
PXLW,N
PXS,N
PYPD,N
PYR,N
PYXS,N
QADA,N
QADB,N
QCRH,N
QH,N
QIPT,N
QLGN,N
QLI,N
QMCO,N
QNST,N
QQQX,N
QRHC,N
QSI,N
QTNT,N
QTRX,N
QUBT,N
QUIK,N
QUMU,N
QURE,N
RACB,N
RADA,N
RADI,N
RAIL,N
RAIN,N
RAM,N
RAND,N
RANI,N
RAPT,N
RAVE,N
RBB,N
RBBN,N
RBCAA,N
RBCN,N
RBKB,N
RBNC,N
RCAT,N
RCEL,N
RCHG,N
RCKT,N
RCKY,N
RCLF,N
RCMT,N
RCON,N
RCRT,N
RDCM,N
RDI,N
RDIB,N
RDNT,N
RDUS,N
RDVT,N
RDWR,N
REAL,N
REAX,N
REE,N
REED,N
REFR,N
REKR,N
RELI,N
RELL,N
REPH,N
REPL,N
RESN,N
RETO,N
REVH,N
RFIL,N
RGC,N
RGCO,N
RGLS,N
RGNX,N
RGP,N
RIBT,N
RICK,N
RICO,N
RIDE,N
RIGL,N
RILY,N
RIVE,N
RKDA,N
RKLB,N
RLMD,N
RLYB,N
RMBI,N
RMBL,N
RMCF,N
RMGC,N
RMNI,N
RMR,N
RMTI,N
RNA,N
RNAZ,N
RNDB,N
RNWK,N
RNXT,N
ROAD,N
ROCG,N
ROCR,N
ROIV,N
ROOT,N
ROVR,N
RPHM,N
RPID,N
RPTX,N
RRBI,N
RRGB,N
RSLS,N
RSSS,N
RSVR,N
RTPY,N
RUBY,N
RUTH,N
RVNC,N
RVPH,N
RVSB,N
RWLK,N
RXDX,N
RXRA,N
RXST,N
RYTM,N
RZLT,N
SAFT,N
SAL,N
SALM,N
SAMG,N
SANW,N
SBEA,N
SBET,N
SBFG,N
SBSI,N
SBT,N
SBTX,N
SCAQ,N
SCHL,N
SCHN,N
SCKT,N
SCLE,N
SCOA,N
SCOB,N
SCOR,N
SCPH,N
SCPL,N
SCPS,N
SCR,N
SCSC,N
SCVL,N
SCWX,N
SCYX,N
SDAC,N
SDH,N
SEAC,N
SECO,N
SEED,N
SEEL,N
SELB,N
SELF,N
SENEA,N
SENEB,N
SERA,N
SESN,N
SEVN,N
SFBC,N
SFST,N
SFT,N
SGA,N
SGAM,N
SGBX,N
SGC,N
SGH,N
SGHT,N
SGLB,N
SGMA,N
SGML,N
SGMO,N
SGOC,N
SGRP,N
SGTX,N
SHAC,N
SHBI,N
SHEN,N
SHIP,N
SHQA,N
SHYF,N
SIBN,N
SIC,N
SIEB,N
SIEN,N
SIGA,N
SILC,N
SILK,N
SINO,N
SINT,N
SIOX,N
SJ,N
SKYA,N
SKYT,N
SLAM,N
SLCR,N
SLCT,N
SLDB,N
SLGG,N
SLGL,N
SLHG,N
SLMBP,N
SLN,N
SLNG,N
SLNO,N
SLP,N
SLRC,N
SLRX,N
SLS,N
SMBC,N
SMBK,N
SMCI,N
SMED,N
SMFR,N
SMID,N
SMIH,N
SMIT,N
SMMF,N
SMMT,N
SMSI,N
SMTI,N
SNAX,N
SNCE,N
SNCR,N
SNCY,N
SND,N
SNDL,N
SNDX,N
SNES,N
SNEX,N
SNFCA,N
SNGX,N
SNOA,N
SNPO,N
SNPX,N
SNSE,N
SNT,N
SNTG,N
SOHO,N
SOLO,N
SOLY,N
SONM,N
SONN,N
SOPH,N
SOTK,N
SOVO,N
SP,N
SPCB,N
SPFI,N
SPI,N
SPK,N
SPKAR,N
SPKB,N
SPNE,N
SPNS,N
SPOK,N
SPPI,N
SPRB,N
SPRO,N
SPTK,N
SPTN,N
SPWH,N
SQFT,N
SQL,N
SRAX,N
SRCE,N
SRDX,N
SREV,N
SRGA,N
SRNE,N
SRRA,N
SRRK,N
SRSA,N
SRTS,N
SRZN,N
SSAA,N
SSBI,N
SSBK,N
SSKN,N
SSNT,N
SSP,N
SSSS,N
SSTI,N
SSYS,N
STAB,N
STAF,N
STBA,N
STCN,N
STIM,N
STKL,N
STKS,N
STOK,N
STRA,N
STRC,N
STRL,N
STRM,N
STRO,N
STRR,N
STRRP,N
STRS,N
STRT,N
STSA,N
STTK,N
STWO,N
STXB,N
SUMO,N
SUMR,N
SUNW,N
SUPN,N
SURF,N
SV,N
SVBI,N
SVC,N
SVFA,N
SVFB,N
SVFC,N
SVFD,N
SVOK,N
SVRA,N
SVVC,N
SWAG,N
SWBI,N
SWET,N
SWIM,N
SWIR,N
SWKH,N
SWSS,N
SXTC,N
SY,N
SYBT,N
SYBX,N
SYNL,N
SYPR,N
SYRS,N
SYTA,N
TA,N
TACO,N
TACT,N
TAIT,N
TALK,N
TALS,N
TANH,N
TAOP,N
TARA,N
TARS,N
TAST,N
TATT,N
TAYD,N
TBBK,N
TBCP,N
TBLA,N
TBLT,N
TBNK,N
TBPH,N
TBSA,N
TCAC,N
TCBC,N
TCBK,N
TCDA,N
TCMD,N
TCON,N
TCPC,N
TCRR,N
TCRX,N
TCVA,N
TCX,N
TDAC,N
TEKK,N
TELA,N
TELL,N
TENX,N
TERN,N
TESS,N
TETC,N
TFFP,N
TGA,N
TGLS,N
TH,N
THCA,N
THCP,N
THFF,N
THMA,N
THMO,N
THRN,N
THRX,N
THRY,N
THTX,N
TIG,N
TILE,N
TIOA,N
TIPT,N
TIRX,N
TITN,N
TKNO,N
TLGT,N
TLIS,N
TLMD,N
TLS,N
TLSA,N
TMC,N
TMCI,N
TMDI,N
TMDX,N
TMKR,N
TMPM,N
TMTS,N
TNGX,N
TNXP,N
TNYA,N
TOMZ,N
TOPS,N
TPIC,N
TPST,N
TRHC,N
TRIL,N
TRIN,N
TRIT,N
TRKA,N
TRMD,N
TRMR,N
TRNS,N
TRON,N
TRS,N
TRST,N
TRUE,N
TRVI,N
TRVN,N
TSBK,N
TSC,N
TSHA,N
TSIB,N
TSRI,N
TTCF,N
TTMI,N
TTNP,N
TTOO,N
TTSH,N
TUEM,N
TUGC,N
TURN,N
TUSK,N
TVAC,N
TVTX,N
TVTY,N
TWCB,N
TWIN,N
TWLV,N
TXMD,N
TYHT,N
TYME,N
TYRA,N
TZOO,N
TZPS,N
UCTT,N
UEIC,N
UEPS,N
UFPT,N
UGRO,N
UK,N
ULBI,N
ULH,N
UNAM,N
UNB,N
UNCY,N
UONE,N
UONEK,N
UPC,N
UPLD,N
UPTD,N
URGN,N
UROY,N
USAK,N
USAP,N
USAU,N
USCB,N
USEG,N
USIO,N
USWS,N
UTMD,N
UTME,N
UTSI,N
UVSP,N
UXIN,N
VABK,N
VALU,N
VAQC,N
VBFC,N
VBIV,N
VBLT,N
VBNK,N
VCKA,N
VCNX,N
VCXA,N
VECO,N
VECT,N
VEEE,N
VELO,N
VENA,N
VENAR,N
VERA,N
VERB,N
VERI,N
VERO,N
VERU,N
VERY,N
VEV,N
VFF,N
VIA,N
VIEW,N
VIH,N
VII,N
VINC,N
VINO,N
VINP,N
VIRC,N
VIRI,N
VIRX,N
VISL,N
VITL,N
VIVE,N
VIVO,N
VKTX,N
VLAT,N
VLCN,N
VLDR,N
VLGEA,N
VLON,N
VMAC,N
VMAR,N
VMD,N
VNDA,N
VOR,N
VOSO,N
VOXX,N
VPCB,N
VQS,N
VRA,N
VRAR,N
VRAY,N
VRCA,N
VRDN,N
VREX,N
VRME,N
VRPX,N
VS,N
VSEC,N
VSTA,N
VSTM,N
VTAQ,N
VTAQR,N
VTGN,N
VTIQ,N
VTNR,N
VTRU,N
VTSI,N
VTVT,N
VUZI,N
VVOS,N
VVPR,N
VWE,N
VWTR,N
VXRT,N
VYGR,N
VYNE,N
VYNT,N
WABC,N
WAFU,N
WALD,N
WASH,N
WATT,N
WETF,N
WEYS,N
WFCF,N
WFRD,N
WHF,N
WHLM,N
WHLR,N
WHLRD,N
WHLRP,N
WILC,N
WINT,N
WINV,N
WINVR,N
WISA,N
WKHS,N
WKSP,N
WLDN,N
WLFC,N
WMPN,N
WNEB,N
WNW,N
WORX,N
WPRT,N
WRAP,N
WSBF,N
WSTG,N
WTBA,N
WTER,N
WTFCM,N
WTRH,N
WVE,N
WVFC,N
WVVI,N
WVVIP,N
WW,N
XAIR,N
XBIO,N
XBIT,N
XCUR,N
XELA,N
XELB,N
XENE,N
XENT,N
XERS,N
XFOR,N
XGN,N
XNET,N
XOG,N
XOMA,N
XONE,N
XOS,N
XPAX,N
XPDI,N
XPER,N
XSPA,N
XXII,N
YELL,N
YGMZ,N
YJ,N
YMAB,N
YMTX,N
YORW,N
YSAC,N
YTEN,N
YTRA,N
YVR,N
ZCMD,N
ZENV,N
ZEST,N
ZEUS,N
ZGNX,N
ZGYH,N
ZGYHR,N
ZIONO,N
ZIOP,N
ZIVO,N
ZIXI,N
ZKIN,N
ZNTE,N
ZSAN,N
ZT,N
ZUMZ,N
ZVO,N
ZWRK,N
ZY,N
ZYNE,N
ZYXI,N
